,ww,inven_pred,inven
64,202114,949506.0576171875,1193339
65,202115,856546.607421875,1002560
66,202116,824434.4541015625,853427
67,202117,804612.7055664062,692545
68,202118,730464.486328125,525471
69,202119,682845.3872070312,558155
70,202120,661783.4677734375,703941
71,202121,691823.37890625,798726
72,202122,759080.1352539062,616334
73,202123,891950.5209960938,559708
74,202124,1008555.4619140625,620417
75,202125,1088482.443359375,641708
